<?xml version="1.0" encoding="UTF-8"?>
<project-private xmlns="http://www.netbeans.org/ns/project-private/1">
    <editor-bookmarks xmlns="http://www.netbeans.org/ns/editor-bookmarks/2" lastBookmarkId="0"/>
    <open-files xmlns="http://www.netbeans.org/ns/projectui-open-files/2">
        <group>
            <file>file:/C:/xampp/htdocs/Zuspresso/model/LoyaltyService.php</file>
            <file>file:/C:/xampp/htdocs/Zuspresso/service/LoyaltyApiService.php</file>
            <file>file:/C:/xampp/htdocs/Zuspresso/service/OrderService.php</file>
            <file>file:/C:/xampp/htdocs/Zuspresso/model/strategies/GoldPointStrategy.php</file>
            <file>file:/C:/xampp/htdocs/Zuspresso/model/strategies/SilverPointStrategy.php</file>
        </group>
    </open-files>
</project-private>
